{
    "config": {
        "batch_size": 128,
        "dataset": "mnist",
        "epochs": 2,
        "mu": 0.001,
        "net": "scalable",
        "opt_params": [
            0.001,
            0.9,
            0.999,
            1e-08
        ],
        "optimizer": "ZO-AdaMM",
        "scale": 2.555555582046509,
        "seed": 44,
        "use_scheduler": true,
        "verbose": true,
        "zo_optim": true
    },
    "values": [
        {
            "epoch_time": [
                14.36962628364563,
                13.860878467559814
            ],
            "nb_params": 28817,
            "seed": 42,
            "train_accuracies": [
                0.4966,
                0.574
            ],
            "train_losses": [
                2.055402994664239,
                1.5315876548478344
            ],
            "validation_losses": [
                1.763828742353222,
                1.278583534910709
            ]
        },
        {
            "epoch_time": [
                13.952197790145874,
                13.332056283950806
            ],
            "nb_params": 28817,
            "seed": 43,
            "train_accuracies": [
                0.4744,
                0.5654
            ],
            "train_losses": [
                2.0432800003714653,
                1.4951887880561194
            ],
            "validation_losses": [
                1.7119259200518644,
                1.260783115519753
            ]
        }
    ]
}